10.203.114.212,10.203.64.1
10.203.64.1,10.255.254.1
10.255.254.1,10.0.96.1
10.0.96.1,202.119.26.82
202.119.26.82,202.112.53.133
202.112.53.133,121.194.14.130
121.194.14.130,121.194.14.142
10.203.114.212,10.203.64.1
10.203.64.1,10.255.254.1
10.255.254.1,10.0.96.1
10.0.96.1,202.119.26.82
202.119.26.82,211.65.207.77
211.65.207.77,101.4.116.218
101.4.116.218,101.4.117.25
101.4.117.25,101.4.112.61
101.4.112.61,101.4.117.38
101.4.117.38,101.4.117.146
101.4.117.146,121.194.14.2
121.194.14.2,121.194.14.21
10.203.114.212,10.203.64.1
10.203.64.1,10.255.254.1
10.255.254.1,10.0.96.1
10.0.96.1,202.119.26.82
202.119.26.82,202.119.32.7
10.203.114.212,10.203.64.1
10.203.64.1,10.255.254.1
10.255.254.1,10.0.96.1
10.0.96.1,202.119.26.82
202.119.26.82,58.213.113.65
58.213.113.65,218.2.131.81
218.2.131.81,218.2.134.77
218.2.134.77,202.97.85.1
202.97.85.1,220.181.16.58
220.181.16.58,220.181.16.98
220.181.16.98,220.181.17.90
220.181.17.90,220.181.38.149
10.203.114.212,10.203.64.1
10.203.64.1,10.255.254.1
10.255.254.1,10.0.96.1
10.0.96.1,202.119.26.82
202.119.26.82,202.112.53.133
202.112.53.133,101.4.116.105
101.4.116.105,101.4.112.42
101.4.112.42,101.4.115.173
101.4.115.173,101.4.113.190
101.4.113.190,219.224.102.134
219.224.102.134,101.4.128.134
101.4.128.134,119.3.32.96
10.203.114.212,10.203.64.1
10.203.64.1,10.255.254.1
10.255.254.1,10.0.96.1
10.0.96.1,202.119.26.82
202.119.26.82,211.65.207.73
211.65.207.73,101.4.112.65
101.4.112.65,101.4.117.25
101.4.117.25,101.4.112.61
101.4.112.61,101.4.117.38
101.4.117.38,101.4.112.1
101.4.112.1,101.4.113.109
101.4.113.109,101.4.116.6
101.4.116.6,202.97.88.229
202.97.88.229,220.181.16.18
220.181.16.18,36.110.244.214
36.110.244.214,36.110.142.146
36.110.142.146,103.15.99.97
10.203.114.212,10.203.64.1
10.203.64.1,10.255.254.1
10.255.254.1,10.0.96.1
10.0.96.1,202.119.26.82
202.119.26.82,58.213.113.65
58.213.113.65,221.231.175.197
221.231.175.197,218.2.182.29
218.2.182.29,202.97.79.78
202.97.79.78,221.238.7.74
221.238.7.74,123.150.32.110
123.150.32.110,123.151.137.18
10.203.114.212,10.203.64.1
10.203.64.1,10.255.254.1
10.255.254.1,10.0.96.1
10.0.96.1,202.119.24.205
10.203.114.212,10.203.64.1
10.203.64.1,10.255.254.1
10.255.254.1,10.0.96.1
10.0.96.1,202.119.26.82
202.119.26.82,58.213.113.65
58.213.113.65,221.231.175.197
221.231.175.197,221.226.200.50
221.226.200.50,218.2.119.194
218.2.119.194,222.190.243.114
222.190.243.114,222.190.243.114
10.203.114.212,10.203.64.1
10.203.64.1,10.255.254.1
10.255.254.1,10.0.96.1
10.0.96.1,202.119.26.82
202.119.26.82,58.213.113.65
58.213.113.65,221.231.175.193
221.231.175.193,222.190.59.157
222.190.59.157,202.97.90.122
202.97.90.122,61.137.10.94
61.137.10.94,222.241.63.90
222.241.63.90,222.241.34.98
222.241.34.98,218.75.141.157
